<assembly xmlns="http://maven.apache.org/plugins/maven-assembly-plugin/assembly/1.1.0"
  xmlns:xsi="http://www.w3.org/2001/XMLSchema-instance"
  xsi:schemaLocation="http://maven.apache.org/plugins/maven-assembly-plugin/assembly/1.1.0 http://maven.apache.org/xsd/assembly-1.1.0.xsd">
    <formats>
        <format>zip</format>
    </formats>
    <fileSets>
        <fileSet>
            <directory>src</directory>
            <outputDirectory>objectmapper/src</outputDirectory>
            <includes>
                <include>**/*.*</include>
            </includes>
        </fileSet>
        <fileSet>
            <directory>src/main/resources</directory>
            <outputDirectory>/</outputDirectory>
            <includes>
                <include>**/*.xml</include>
                <!--<include>application.properties</include>-->
                <!--<include>setup.bat</include>-->
                <!--<include>setup.sh</include>-->
            </includes>
        </fileSet>
    </fileSets>
    <dependencySets>
        <dependencySet>
            <outputDirectory>lib</outputDirectory>
            <scope>compile</scope>
            <includes>
                <include>*:jar</include>
            </includes>
        </dependencySet>
    </dependencySets>
</assembly>